,F-statistic,p-value,corrected p-value,df_denom,df_num,trial_number,lag,mean_p_value_for_lag
0,2.921100532061076,0.08742947557070972,0.3497179022828389,246454.0,1,1,1,0.06821091047353023
0,1.5183762899079702,0.21906934936349048,0.8762773974539619,246453.0,2,1,2,0.15660602566153942
0,1.1121448409972503,0.34260591880214925,1.370423675208597,246451.0,3,1,3,0.1349973915923692
0,1.1554099471632688,0.3283696067507488,1.313478427002995,246449.0,4,1,4,0.1537889651345178
0,0.750975278713607,0.5852199877506798,2.3408799510027194,246447.0,5,1,5,0.17616660318525273
0,2.4732050479747394,0.02154737381011224,0.08618949524044896,246445.0,6,1,6,0.12005882588366856
0,1.695693513283508,0.10492647249850291,0.41970588999401165,246443.0,7,1,7,0.13053101633520492
0,1.4837257779229076,0.15711454078509068,0.6284581631403627,246441.0,8,1,8,0.13953266763543767
0,1.4335437797522974,0.16710308535482013,0.6684123414192805,246439.0,9,1,9,0.15102349492185846
0,1.2704142401558614,0.24069431111912093,0.9627772444764837,246437.0,10,1,10,0.15039978346844088
0,1.261136469576769,0.24013675350703345,0.9605470140281338,246435.0,11,1,11,0.165953389649543
0,1.1504531452879496,0.31331191382212326,1.253247655288493,246433.0,12,1,12,0.19656963761067273
0,1.0728652090722148,0.3775754458982976,1.5103017835931905,246431.0,13,1,13,0.20390026613400905
0,1.0713080903496606,0.37827624590083925,1.513104983603357,246429.0,14,1,14,0.2054858072394847
0,1.0596554836606604,0.38908170969772304,1.5563268387908922,246427.0,15,1,15,0.20701733710648101
0,1.2993062923465686,0.18677987522023887,0.7471195008809555,246425.0,16,1,16,0.22466424816065922
0,1.3319194719336993,0.16126257737601296,0.6450503095040518,246423.0,17,1,17,0.21140733348764051
0,1.2504841866342113,0.2101927604631085,0.840771041852434,246421.0,18,1,18,0.19939887432632364
0,1.3655150638062108,0.13174811614686324,0.526992464587453,246419.0,19,1,19,0.2066878806622288
0,1.5645289821014485,0.05147981350682113,0.20591925402728453,246417.0,20,1,20,0.1959992822020162
0,1.5113167886250238,0.06223919691838474,0.24895678767353896,246415.0,21,1,21,0.1987005461235703
0,1.4961659464746828,0.06308257348967544,0.25233029395870177,246413.0,22,1,22,0.233308020990555
0,1.4507253029492648,0.07490055332035601,0.29960221328142406,246411.0,23,1,23,0.24485862726176083
0,1.4036455676642157,0.09039317019291361,0.36157268077165444,246409.0,24,1,24,0.255603216249723
0,1.3841130245163082,0.09565380401239504,0.38261521604958015,246407.0,25,1,25,0.26930448749426705
0,1.3332834980947446,0.11909420899165131,0.47637683596660524,246405.0,26,1,26,0.26425137254052256
0,1.3773682166845334,0.09161111738883167,0.36644446955532667,246403.0,27,1,27,0.25609252430749063
0,1.3650782449778769,0.09428570844387286,0.37714283377549146,246401.0,28,1,28,0.2577097359536807
0,1.4424796763992804,0.05815734403733609,0.23262937614934437,246399.0,29,1,29,0.25844421037806026
0,1.3374014382925972,0.10254083241128405,0.4101633296451362,246397.0,30,1,30,0.25524945255645315
0,1.3400027057108244,0.09786283778050135,0.3914513511220054,246395.0,31,1,31,0.32017833523170275
0,0.7491154797950482,0.8454277651318849,3.3817110605275396,246393.0,32,1,32,0.46180574311771055
0,0.6876785906410301,0.9110231635967183,3.6440926543868732,246391.0,33,1,33,0.5627808088743002
0,1.4334002720527759,0.048715149693548884,0.19486059877419554,246389.0,34,1,34,0.49741149441741817
0,1.4944435717228952,0.030197657139994505,0.12079062855997802,246387.0,35,1,35,0.5992792495324583
0,2.140605654757091,8.200892848237924e-05,0.00032803571392951697,246385.0,36,1,36,0.47097699749586674
0,1.507773016581525,0.024397876125802343,0.09759150450320937,246383.0,37,1,37,0.31603144264728894
0,1.5481697533544168,0.016668472620040176,0.0666738904801607,246381.0,38,1,38,0.4535456005392901
0,0.8454884091512305,0.740333304512161,2.961333218048644,246379.0,39,1,39,0.42399878754670806
0,1.7219015476497692,0.003049086844185296,0.012196347376741183,246377.0,40,1,40,0.3843788442841791
0,2.3442696964927316,0.12574629448432773,0.5029851779373109,174255.0,1,2,1,0.06821091047353023
0,1.815805767124498,0.1627098304395446,0.6508393217581784,174254.0,2,2,2,0.15660602566153942
0,1.9690785298260574,0.11621588430480675,0.464863537219227,174252.0,3,2,3,0.1349973915923692
0,1.5940079259585065,0.17277617610010226,0.691104704400409,174250.0,4,2,4,0.1537889651345178
0,1.3603541395574466,0.23581106222758835,0.9432442489103534,174248.0,5,2,5,0.17616660318525273
0,1.1702363196404322,0.3188766290458141,1.2755065161832564,174246.0,6,2,6,0.12005882588366856
0,1.9106034705942725,0.06350566859875066,0.25402267439500265,174244.0,7,2,7,0.13053101633520492
0,1.0275794357211216,0.4122250724616303,1.6489002898465213,174242.0,8,2,8,0.13953266763543767
0,0.8812797399023254,0.5410642429697317,2.1642569718789266,174240.0,9,2,9,0.15102349492185846
0,1.1017912724090466,0.3561315538183785,1.424526215273514,174238.0,10,2,10,0.15039978346844088
0,0.9000228355991624,0.5393837013097269,2.1575348052389076,174236.0,11,2,11,0.165953389649543
0,0.7799842902881574,0.6719276793066125,2.68771071722645,174234.0,12,2,12,0.19656963761067273
0,0.9821876496373031,0.46585815929162555,1.8634326371665022,174232.0,13,2,13,0.20390026613400905
0,1.0174042964138472,0.4317271815441013,1.7269087261764051,174230.0,14,2,14,0.2054858072394847
0,0.9485856233699427,0.5082569500759003,2.0330278003036013,174228.0,15,2,15,0.20701733710648101
0,0.8499440867759256,0.6285509160290874,2.5142036641163497,174226.0,16,2,16,0.22466424816065922
0,1.0658458393858052,0.38135739748065584,1.5254295899226233,174224.0,17,2,17,0.21140733348764051
0,0.9739366804368661,0.4869410791150304,1.9477643164601215,174222.0,18,2,18,0.19939887432632364
0,1.114982613490055,0.32670103747989143,1.3068041499195657,174220.0,19,2,19,0.2066878806622288
0,1.1474270995801372,0.2913443931529808,1.165377572611923,174218.0,20,2,20,0.1959992822020162
0,1.1110318814681914,0.32656759842841476,1.306270393713659,174216.0,21,2,21,0.1987005461235703
0,1.2150832114793726,0.22160955840319974,0.8864382336127989,174214.0,22,2,22,0.233308020990555
0,1.0918430971389692,0.3445316952717634,1.3781267810870537,174212.0,23,2,23,0.24485862726176083
0,1.061884669487526,0.37980295324077246,1.5192118129630898,174210.0,24,2,24,0.255603216249723
0,0.9707051723292393,0.5039610139439583,2.0158440557758333,174208.0,25,2,25,0.26930448749426705
0,0.9888520588965483,0.47912971464810705,1.9165188585924282,174206.0,26,2,26,0.26425137254052256
0,1.0668683384754192,0.3704115638309884,1.4816462553239536,174204.0,27,2,27,0.25609252430749063
0,1.0040121727502136,0.45851523846689185,1.8340609538675674,174202.0,28,2,28,0.2577097359536807
0,1.0240115678345147,0.4292878306543854,1.7171513226175417,174200.0,29,2,29,0.25844421037806026
0,1.0413819336316474,0.4036210924671099,1.6144843698684397,174198.0,30,2,30,0.25524945255645315
0,1.0360631894655208,0.4110604453452382,1.644241781380953,174196.0,31,2,31,0.32017833523170275
0,-41.10154176908203,1.0,4.0,174194.0,32,2,32,0.46180574311771055
0,-45.853696335920596,1.0,4.0,174192.0,33,2,33,0.5627808088743002
0,179.99354372900785,0.0,0.0,174190.0,34,2,34,0.49741149441741817
0,-40.0006243822911,1.0,4.0,174188.0,35,2,35,0.5992792495324583
0,162.04066316000166,0.0,0.0,174186.0,36,2,36,0.47097699749586674
0,143.87268795763094,0.0,0.0,174184.0,37,2,37,0.31603144264728894
0,-35.00471178904223,1.0,4.0,174182.0,38,2,38,0.4535456005392901
0,136.74385118260074,0.0,0.0,174180.0,39,2,39,0.42399878754670806
0,98.92116110345884,0.0,0.0,174178.0,40,2,40,0.3843788442841791
0,30.486357777165992,3.376071094951468e-08,1.3504284379805873e-07,60182.0,1,3,1,0.06821091047353023
0,16.367048861748966,7.830932422191349e-08,3.1323729688765395e-07,60180.0,2,3,2,0.15660602566153942
0,11.084230094279784,2.8610100269110925e-07,1.144404010764437e-06,60178.0,3,3,3,0.1349973915923692
0,8.380619545784839,9.374717140742454e-07,3.7498868562969817e-06,60176.0,4,3,4,0.1537889651345178
0,7.037528080522287,1.3863055755386138e-06,5.545222302154455e-06,60174.0,5,3,5,0.17616660318525273
0,6.06664475628693,2.3148406936588485e-06,9.259362774635394e-06,60172.0,6,3,6,0.12005882588366856
0,5.259038274405708,5.110152446874742e-06,2.044060978749897e-05,60170.0,7,3,7,0.13053101633520492
0,4.673148751280551,9.815717207915489e-06,3.9262868831661954e-05,60168.0,8,3,8,0.13953266763543767
0,4.283743115118579,1.392119150345331e-05,5.568476601381324e-05,60166.0,9,3,9,0.15102349492185846
0,3.881879951223049,2.7421344789716733e-05,0.00010968537915886693,60164.0,10,3,10,0.15039978346844088
0,3.8006530642098966,1.7569666676788387e-05,7.027866670715355e-05,60162.0,11,3,11,0.165953389649543
0,3.610187035837989,2.000494900221719e-05,8.001979600886876e-05,60160.0,12,3,12,0.19656963761067273
0,3.370476067138853,3.306782669524091e-05,0.00013227130678096364,60158.0,13,3,13,0.20390026613400905
0,3.2230817290360565,3.9139409921964834e-05,0.00015655763968785934,60156.0,14,3,14,0.2054858072394847
0,3.22252517419086,2.2547244653118e-05,9.0188978612472e-05,60154.0,15,3,15,0.20701733710648101
0,3.063132463939,3.309156671679764e-05,0.00013236626686719056,60152.0,16,3,16,0.22466424816065922
0,3.0506920176069587,2.173846928308568e-05,8.695387713234272e-05,60150.0,17,3,17,0.21140733348764051
0,2.9450339935867538,2.6289803631659447e-05,0.00010515921452663779,60148.0,18,3,18,0.19939887432632364
0,2.809962537224437,4.1110594241142856e-05,0.00016444237696457142,60146.0,19,3,19,0.2066878806622288
0,2.691704356343318,6.155179443855473e-05,0.0002462071777542189,60144.0,20,3,20,0.1959992822020162
0,2.5743531875073815,9.725417713983306e-05,0.00038901670855933225,60142.0,21,3,21,0.1987005461235703
0,2.5754734874506116,6.911412930868144e-05,0.00027645651723472576,60140.0,22,3,22,0.233308020990555
0,2.4539698292156045,0.0001234330559525475,0.00049373222381019,60138.0,23,3,23,0.24485862726176083
0,2.3619377576752756,0.00018562063977492534,0.0007424825590997014,60136.0,24,3,24,0.255603216249723
0,2.2849724735112016,0.00025853822562163926,0.001034152902486557,60134.0,25,3,25,0.26930448749426705
0,2.2094782063209744,0.0003678000638594127,0.0014712002554376508,60132.0,26,3,26,0.26425137254052256
0,2.1976784107116334,0.00032362200682855923,0.001294488027314237,60130.0,27,3,27,0.25609252430749063
0,2.117839964084771,0.0005024745263337517,0.0020098981053350068,60128.0,28,3,28,0.2577097359536807
0,2.0969109687782006,0.0004915933294013314,0.0019663733176053257,60126.0,29,3,29,0.25844421037806026
0,2.039027687377824,0.0006659018278667324,0.0026636073114669296,60124.0,30,3,30,0.25524945255645315
0,2.033973936248116,0.0005834080898074246,0.0023336323592296985,60122.0,31,3,31,0.32017833523170275
0,1.8512064437533082,0.002386821289300845,0.00954728515720338,60120.0,32,3,32,0.46180574311771055
0,2.0065718209918937,0.0005292607207026208,0.002117042882810483,60118.0,33,3,33,0.5627808088743002
0,1.9396699984112187,0.0008326428200599123,0.0033305712802396492,60116.0,34,3,34,0.49741149441741817
0,1.8859714782305101,0.0011799879824182908,0.004719951929673163,60114.0,35,3,35,0.5992792495324583
0,1.8374990408932463,0.0016164419295223089,0.0064657677180892355,60112.0,36,3,36,0.47097699749586674
0,1.8794803541509233,0.0009556515699144855,0.003822606279657942,60110.0,37,3,37,0.31603144264728894
0,1.707555965289407,0.004246743528508516,0.016986974114034065,60108.0,38,3,38,0.4535456005392901
0,1.84706235015419,0.0010103221517159119,0.0040412886068636475,60106.0,39,3,39,0.42399878754670806
0,1.8246956101178746,0.001116282086741859,0.004465128346967436,60104.0,40,3,40,0.3843788442841791
0,13.309722467144866,0.0002640840052446911,0.0010563360209787645,265225.0,1,4,1,0.06821091047353023
0,8.840616082343514,0.00014477620606274748,0.0005791048242509899,265224.0,2,4,2,0.15660602566153942
0,6.6712954422988275,0.00016867909071624856,0.0006747163628649942,265222.0,3,4,3,0.1349973915923692
0,4.8879606373490825,0.000612284387852049,0.002449137551408196,265220.0,4,4,4,0.1537889651345178
0,4.314368401358564,0.0006315795582352211,0.0025263182329408845,265218.0,5,4,5,0.17616660318525273
0,4.062234013653887,0.00044595182190832,0.00178380728763328,265216.0,6,4,6,0.12005882588366856
0,3.487521697781149,0.0009641676474402395,0.003856670589760958,265214.0,7,4,7,0.13053101633520492
0,2.9346689616987423,0.002803343766646838,0.011213375066587351,265212.0,8,4,8,0.13953266763543767
0,2.6921886149317023,0.0039537075450778334,0.015814830180311334,265210.0,9,4,9,0.15102349492185846
0,2.484782125409569,0.0056431170448993035,0.022572468179597214,265208.0,10,4,10,0.15039978346844088
0,2.322988877307134,0.0075622143438451,0.0302488573753804,265206.0,11,4,11,0.165953389649543
0,2.2809710267872627,0.00683099429702838,0.02732397718811352,265204.0,12,4,12,0.19656963761067273
0,2.244847264515442,0.006167586600282637,0.024670346401130548,265202.0,13,4,13,0.20390026613400905
0,2.043490517432898,0.011802434229802884,0.047209736919211535,265200.0,14,4,14,0.2054858072394847
0,2.095959172915188,0.00767118241282731,0.03068472965130924,265198.0,15,4,15,0.20701733710648101
0,1.9680439514323378,0.011650797016038513,0.046603188064154054,265196.0,16,4,16,0.22466424816065922
0,1.8480531625961025,0.017766676909795324,0.0710667076391813,265194.0,17,4,17,0.21140733348764051
0,1.8037115124989145,0.019352519351276003,0.07741007740510401,265192.0,18,4,18,0.19939887432632364
0,1.6130201299138693,0.044124702284789215,0.17649880913915686,265190.0,19,4,19,0.2066878806622288
0,1.5781653520560281,0.04818906164211711,0.19275624656846843,265188.0,20,4,20,0.1959992822020162
0,1.4752173901297194,0.07401039853864444,0.29604159415457776,265186.0,21,4,21,0.1987005461235703
0,-123.09947008327785,1.0,4.0,265184.0,22,4,22,0.233308020990555
0,-104.12507853809929,1.0,4.0,265182.0,23,4,23,0.24485862726176083
0,-106.88427145557196,1.0,4.0,265180.0,24,4,24,0.255603216249723
0,-91.45469203854644,1.0,4.0,265178.0,25,4,25,0.26930448749426705
0,-86.91994775091555,1.0,4.0,265176.0,26,4,26,0.26425137254052256
0,-121.46006461207048,1.0,4.0,265174.0,27,4,27,0.25609252430749063
0,-121.02271839891891,1.0,4.0,265172.0,28,4,28,0.2577097359536807
0,-118.02151799177214,1.0,4.0,265170.0,29,4,29,0.25844421037806026
0,-124.0799911399973,1.0,4.0,265168.0,30,4,30,0.25524945255645315
0,-106.73564180636576,1.0,4.0,265166.0,31,4,31,0.32017833523170275
0,-91.22277110149957,1.0,4.0,265164.0,32,4,32,0.46180574311771055
0,-119.7849247583664,1.0,4.0,265162.0,33,4,33,0.5627808088743002
0,-91.92918010580645,1.0,4.0,265160.0,34,4,34,0.49741149441741817
0,-82.94188853092287,1.0,4.0,265158.0,35,4,35,0.5992792495324583
0,-99.73600174360246,1.0,4.0,265156.0,36,4,36,0.47097699749586674
0,-94.64621789723236,1.0,4.0,265154.0,37,4,37,0.31603144264728894
0,-91.2189440242662,1.0,4.0,265152.0,38,4,38,0.4535456005392901
0,-115.20777636131774,1.0,4.0,265150.0,39,4,39,0.42399878754670806
0,-84.7883554567589,1.0,4.0,265148.0,40,4,40,0.3843788442841791
0,29.31161562787972,6.16723205035946e-08,2.466892820143784e-07,299795.0,1,5,1,0.06821091047353023
0,15.448694505772824,1.9546226904028486e-07,7.818490761611395e-07,299794.0,2,5,2,0.15660602566153942
0,10.677176568846294,5.158148257534866e-07,2.0632593030139465e-06,299792.0,3,5,3,0.1349973915923692
0,7.870278160963559,2.4437071395121222e-06,9.774828558048489e-06,299790.0,4,5,4,0.1537889651345178
0,6.537893336162412,4.340506216639675e-06,1.73620248665587e-05,299788.0,5,5,5,0.17616660318525273
0,5.2470476743198455,2.05149997469628e-05,8.20599989878512e-05,299786.0,6,5,6,0.12005882588366856
0,4.634890168266411,3.361465463859944e-05,0.00013445861855439776,299784.0,7,5,7,0.13053101633520492
0,4.4440919907067675,2.1214611955244034e-05,8.485844782097614e-05,299782.0,8,5,8,0.13953266763543767
0,4.184547414047876,2.0065586707255236e-05,8.026234682902095e-05,299780.0,9,5,9,0.15102349492185846
0,3.7567029218655685,4.5167023524585434e-05,0.00018066809409834173,299778.0,10,5,10,0.15039978346844088
0,3.8130704910323483,1.6579335001811043e-05,6.631734000724417e-05,299776.0,11,5,11,0.165953389649543
0,3.159291766466498,0.00015886603984421822,0.0006354641593768729,299774.0,12,5,12,0.19656963761067273
0,3.0998046413598193,0.0001238806800712974,0.0004955227202851897,299772.0,13,5,13,0.20390026613400905
0,3.094084958834462,7.627983266681653e-05,0.0003051193306672661,299770.0,14,5,14,0.2054858072394847
0,2.769080072626469,0.0002649855855429719,0.0010599423421718875,299768.0,15,5,15,0.20701733710648101
0,2.644256083896113,0.00035517406374266093,0.0014206962549706437,299766.0,16,5,16,0.22466424816065922
0,2.4788151137159447,0.0006405970186962074,0.0025623880747848294,299764.0,17,5,17,0.21140733348764051
0,2.4569866072137874,0.0005359188736945572,0.0021436754947782286,299762.0,18,5,18,0.19939887432632364
0,2.302952920125742,0.0010212139303739816,0.0040848557214959265,299760.0,19,5,19,0.2066878806622288
0,2.1965287517580023,0.001538379085079127,0.006153516340316508,299758.0,20,5,20,0.1959992822020162
0,2.095503033198898,0.002335574241633343,0.009342296966533372,299756.0,21,5,21,0.1987005461235703
0,2.0819335047981173,0.0020976895523143455,0.008390758209257382,299754.0,22,5,22,0.233308020990555
0,1.9969441894564468,0.00305361102774984,0.01221444411099936,299752.0,23,5,23,0.24485862726176083
0,1.9215661920895486,0.00428739521710884,0.01714958086843536,299750.0,24,5,24,0.255603216249723
0,1.8408606789518052,0.0063840779029556835,0.025536311611822734,299748.0,25,5,25,0.26930448749426705
0,1.8979135411140582,0.003762282012075921,0.015049128048303684,299746.0,26,5,26,0.26425137254052256
0,1.7825095202617842,0.007433334928206257,0.02973333971282503,299744.0,27,5,27,0.25609252430749063
0,1.788845365168629,0.00632660220331051,0.02530640881324204,299742.0,28,5,28,0.2577097359536807
0,1.7673986164377753,0.006596724840643598,0.026386899362574393,299740.0,29,5,29,0.25844421037806026
0,1.7103057342941657,0.009036108606977815,0.03614443442791126,299738.0,30,5,30,0.25524945255645315
0,1.7107110192330315,0.008160933798080059,0.032643735192320236,299736.0,31,5,31,0.32017833523170275
0,-10.591586901889839,1.0,4.0,299734.0,32,5,32,0.46180574311771055
0,0.790955236899075,0.7975915260795912,3.1903661043183646,299732.0,33,5,33,0.5627808088743002
0,1.6009082770140262,0.014538209356139883,0.05815283742455953,299730.0,34,5,34,0.49741149441741817
0,1.626886232716398,0.010970025046231964,0.043880100184927856,299728.0,35,5,35,0.5992792495324583
0,-25.00445172517877,1.0,4.0,299726.0,36,5,36,0.47097699749586674
0,180.03934118735742,0.0,0.0,299724.0,37,5,37,0.31603144264728894
0,1.532535778192092,0.01891150856893846,0.07564603427575384,299722.0,38,5,38,0.4535456005392901
0,1.5323893159814719,0.01779821860871038,0.07119287443484151,299720.0,39,5,39,0.42399878754670806
0,74.2559363637184,0.0,0.0,299718.0,40,5,40,0.3843788442841791
0,15.620075686893207,7.743680766605235e-05,0.0003097472306642094,614833.0,1,8,1,0.06821091047353023
0,2.767009973870373,0.06285042882920416,0.25140171531681665,614830.0,2,8,2,0.15660602566153942
0,1319.530481608301,0.0,0.0,614827.0,3,8,3,0.1349973915923692
0,2629.673700582905,0.0,0.0,614824.0,4,8,4,0.1537889651345178
0,2595.316670483716,0.0,0.0,614821.0,5,8,5,0.17616660318525273
0,2870.691299074342,0.0,0.0,614818.0,6,8,6,0.12005882588366856
0,2479.7777445332013,0.0,0.0,614815.0,7,8,7,0.13053101633520492
0,2404.4882367550495,0.0,0.0,614812.0,8,8,8,0.13953266763543767
0,2041.1331400717525,0.0,0.0,614809.0,9,8,9,0.15102349492185846
0,1904.616063655168,0.0,0.0,614806.0,10,8,10,0.15039978346844088
0,1639.3089313376508,0.0,0.0,614803.0,11,8,11,0.165953389649543
0,1520.439758289742,0.0,0.0,614800.0,12,8,12,0.19656963761067273
0,1336.4722077896427,0.0,0.0,614797.0,13,8,13,0.20390026613400905
0,1245.5223049498638,0.0,0.0,614794.0,14,8,14,0.2054858072394847
0,1117.9292978704918,0.0,0.0,614791.0,15,8,15,0.20701733710648101
0,1048.7158896628591,0.0,0.0,614788.0,16,8,16,0.22466424816065922
0,956.4124581453242,0.0,0.0,614785.0,17,8,17,0.21140733348764051
0,903.6289402671667,0.0,0.0,614782.0,18,8,18,0.19939887432632364
0,835.2213122581901,0.0,0.0,614779.0,19,8,19,0.2066878806622288
0,793.9168297599624,0.0,0.0,614776.0,20,8,20,0.1959992822020162
0,741.4457320392053,0.0,0.0,614773.0,21,8,21,0.1987005461235703
0,708.1367763843544,0.0,0.0,614770.0,22,8,22,0.233308020990555
0,667.0312903652176,0.0,0.0,614767.0,23,8,23,0.24485862726176083
0,639.3723689711901,0.0,0.0,614764.0,24,8,24,0.255603216249723
0,606.2514042107492,0.0,0.0,614761.0,25,8,25,0.26930448749426705
0,582.9582456127749,0.0,0.0,614758.0,26,8,26,0.26425137254052256
0,555.8691312846602,0.0,0.0,614755.0,27,8,27,0.25609252430749063
0,535.8343080320948,0.0,0.0,614752.0,28,8,28,0.2577097359536807
0,513.3196153325677,0.0,0.0,614749.0,29,8,29,0.25844421037806026
0,495.7973479621191,0.0,0.0,614746.0,30,8,30,0.25524945255645315
0,476.9020533413615,0.0,0.0,614743.0,31,8,31,0.32017833523170275
0,461.2631136699103,0.0,0.0,614740.0,32,8,32,0.46180574311771055
0,445.2747102395743,0.0,0.0,614737.0,33,8,33,0.5627808088743002
0,430.95462926224326,0.0,0.0,614734.0,34,8,34,0.49741149441741817
0,416.8492779394489,0.0,0.0,614731.0,35,8,35,0.5992792495324583
0,404.86732438940413,0.0,0.0,614728.0,36,8,36,0.47097699749586674
0,393.23668647754863,0.0,0.0,614725.0,37,8,37,0.31603144264728894
0,382.8385005594577,0.0,0.0,614722.0,38,8,38,0.4535456005392901
0,372.19794396154265,0.0,0.0,614719.0,39,8,39,0.42399878754670806
0,362.6752311159437,0.0,0.0,614716.0,40,8,40,0.3843788442841791
0,11.142065083918233,0.0008440688935266119,0.0033762755741064475,205163.0,1,9,1,0.06821091047353023
0,39.52366968973336,6.8927779272183324e-18,2.757111170887333e-17,205160.0,2,9,2,0.15660602566153942
0,4000.024272031976,0.0,0.0,205157.0,3,9,3,0.1349973915923692
0,5880.775238218356,0.0,0.0,205154.0,4,9,4,0.1537889651345178
0,3714.2113424314553,0.0,0.0,205151.0,5,9,5,0.17616660318525273
0,2310.2290289900147,0.0,0.0,205148.0,6,9,6,0.12005882588366856
0,1412.3479986330296,0.0,0.0,205145.0,7,9,7,0.13053101633520492
0,1138.326532466625,0.0,0.0,205142.0,8,9,8,0.13953266763543767
0,986.8132613496266,0.0,0.0,205139.0,9,9,9,0.15102349492185846
0,947.787825433952,0.0,0.0,205136.0,10,9,10,0.15039978346844088
0,904.1640107273466,0.0,0.0,205133.0,11,9,11,0.165953389649543
0,890.3878506410523,0.0,0.0,205130.0,12,9,12,0.19656963761067273
0,807.2497839243979,0.0,0.0,205127.0,13,9,13,0.20390026613400905
0,742.2603799145705,0.0,0.0,205124.0,14,9,14,0.2054858072394847
0,663.959572866825,0.0,0.0,205121.0,15,9,15,0.20701733710648101
0,615.6336065184901,0.0,0.0,205118.0,16,9,16,0.22466424816065922
0,570.6606199831754,0.0,0.0,205115.0,17,9,17,0.21140733348764051
0,542.696848458288,0.0,0.0,205112.0,18,9,18,0.19939887432632364
0,513.160721956093,0.0,0.0,205109.0,19,9,19,0.2066878806622288
0,491.98760876748446,0.0,0.0,205106.0,20,9,20,0.1959992822020162
0,465.7302789931121,0.0,0.0,205103.0,21,9,21,0.1987005461235703
0,444.72915946084345,0.0,0.0,205100.0,22,9,22,0.233308020990555
0,421.6503664603406,0.0,0.0,205097.0,23,9,23,0.24485862726176083
0,403.3581457506834,0.0,0.0,205094.0,24,9,24,0.255603216249723
0,385.1540969617104,0.0,0.0,205091.0,25,9,25,0.26930448749426705
0,370.29330927629934,0.0,0.0,205088.0,26,9,26,0.26425137254052256
0,355.7105321076769,0.0,0.0,205085.0,27,9,27,0.25609252430749063
0,342.8675181517075,0.0,0.0,205082.0,28,9,28,0.2577097359536807
0,330.5426480276518,0.0,0.0,205079.0,29,9,29,0.25844421037806026
0,318.77033734679685,0.0,0.0,205076.0,30,9,30,0.25524945255645315
0,308.1723008260188,0.0,0.0,205073.0,31,9,31,0.32017833523170275
0,298.4641081975706,0.0,0.0,205070.0,32,9,32,0.46180574311771055
0,287.3930685669109,0.0,0.0,205067.0,33,9,33,0.5627808088743002
0,277.4553517796337,0.0,0.0,205064.0,34,9,34,0.49741149441741817
0,268.7437396807197,0.0,0.0,205061.0,35,9,35,0.5992792495324583
0,262.4942225283455,0.0,0.0,205058.0,36,9,36,0.47097699749586674
0,255.49480658166314,0.0,0.0,205055.0,37,9,37,0.31603144264728894
0,249.160067155816,0.0,0.0,205052.0,38,9,38,0.4535456005392901
0,241.98281406693505,0.0,0.0,205049.0,39,9,39,0.42399878754670806
0,236.1126179654526,0.0,0.0,205046.0,40,9,40,0.3843788442841791
0,4.2556526027628205,0.039120923480228956,0.15648369392091582,255298.0,1,11,1,0.06821091047353023
0,0.003355839426337881,0.9966497851569597,3.9865991406278387,255295.0,2,11,2,0.15660602566153942
0,0.5918138169581199,0.6202942671025888,2.4811770684103553,255292.0,3,11,3,0.1349973915923692
0,0.8927621341020436,0.467159450504791,1.868637802019164,255289.0,4,11,4,0.1537889651345178
0,0.9016143098778994,0.4788059985102119,1.9152239940408475,255286.0,5,11,5,0.17616660318525273
0,0.9152414388968199,0.4824927967942819,1.9299711871771277,255283.0,6,11,6,0.12005882588366856
0,0.8159327753662281,0.5738079315815581,2.2952317263262323,255280.0,7,11,7,0.13053101633520492
0,0.7867895376386239,0.6143013952703609,2.4572055810814435,255277.0,8,11,8,0.13953266763543767
0,0.685373840958591,0.7229555400917356,2.8918221603669423,255274.0,9,11,9,0.15102349492185846
0,0.6590066636656724,0.7634934295455795,3.053973718182318,255271.0,10,11,10,0.15039978346844088
0,0.5818464880566576,0.8453624140592552,3.3814496562370207,255268.0,11,11,11,0.165953389649543
0,0.5675805415821478,0.8698459144259871,3.4793836577039485,255265.0,12,11,12,0.19656963761067273
0,0.5063068949640237,0.9223878950706594,3.6895515802826377,255262.0,13,11,13,0.20390026613400905
0,0.49206041322618405,0.9389092595520073,3.7556370382080293,255259.0,14,11,14,0.2054858072394847
0,0.447702959883071,0.9650658075973034,3.8602632303892137,255256.0,15,11,15,0.20701733710648101
0,0.436960335185802,0.9734253058849596,3.8937012235398383,255253.0,16,11,16,0.22466424816065922
0,0.40174287114020474,0.9856483258238297,3.9425933032953187,255250.0,17,11,17,0.21140733348764051
0,0.39299976468166825,0.9894862862687593,3.9579451450750374,255247.0,18,11,18,0.19939887432632364
0,0.36559031402446546,0.9944938801789142,3.9779755207156566,255244.0,19,11,19,0.2066878806622288
0,0.3602256560375892,0.9959578629938164,3.9838314519752656,255241.0,20,11,20,0.1959992822020162
0,0.33594072903932026,0.9980317726303746,3.9921270905214983,255238.0,21,11,21,0.1987005461235703
0,0.33268908510598355,0.9985554843158243,3.994221937263297,255235.0,22,11,22,0.233308020990555
0,0.3119663519754475,0.9993264704133649,3.9973058816534595,255232.0,23,11,23,0.24485862726176083
0,0.30809362983310873,0.9995328437525838,3.998131375010335,255229.0,24,11,24,0.255603216249723
0,0.2912035317672169,0.9997848444510935,3.999139377804374,255226.0,25,11,25,0.26930448749426705
0,0.2880897399314296,0.99985338442115,3.9994135376846,255223.0,26,11,26,0.26425137254052256
0,0.27205250685647236,0.9999379320540476,3.9997517282161903,255220.0,27,11,27,0.25609252430749063
0,0.26945209210339094,0.9999586017641738,3.9998344070566954,255217.0,28,11,28,0.2577097359536807
0,0.25711308851285414,0.9999818062322066,3.9999272249288262,255214.0,29,11,29,0.25844421037806026
0,0.25338242999425165,0.9999888682033171,3.9999554728132685,255211.0,30,11,30,0.25524945255645315
0,0.24372488225897126,0.999994960688116,3.999979842752464,255208.0,31,11,31,0.32017833523170275
0,0.2385752214061584,0.9999972565239247,3.9999890260956987,255205.0,32,11,32,0.46180574311771055
0,0.23208049045513887,0.999998646087087,3.999994584348348,255202.0,33,11,33,0.5627808088743002
0,0.22413142544504344,0.9999994079364993,3.9999976317459973,255199.0,34,11,34,0.49741149441741817
0,0.21699137160373191,0.9999997401495191,3.9999989605980764,255196.0,35,11,35,0.5992792495324583
0,0.2338222245633628,0.9999994894367377,3.9999979577469507,255193.0,36,11,36,0.47097699749586674
0,0.2222570489300232,0.9999998291252802,3.9999993165011207,255190.0,37,11,37,0.31603144264728894
0,0.2244753913422768,0.9999998637849441,3.9999994551397764,255187.0,38,11,38,0.4535456005392901
0,0.21456268399331033,0.9999999533055708,3.999999813222283,255184.0,39,11,39,0.42399878754670806
0,0.21634663237050564,0.999999963888019,3.999999855552076,255181.0,40,11,40,0.3843788442841791
0,27.874496303604673,1.2951835476110902e-07,5.180734190444361e-07,366048.0,1,14,1,0.06821091047353023
0,14.28823954089326,6.236466816879416e-07,2.4945867267517664e-06,366047.0,2,14,2,0.15660602566153942
0,9.936722086766204,1.5138095713015623e-06,6.055238285206249e-06,366045.0,3,14,3,0.1349973915923692
0,7.5331738132544395,4.601731799878035e-06,1.840692719951214e-05,366043.0,4,14,4,0.1537889651345178
0,6.005395639674747,1.4576663681698146e-05,5.8306654726792585e-05,366041.0,5,14,5,0.17616660318525273
0,5.00314096601154,3.900370110380726e-05,0.00015601480441522904,366039.0,6,14,6,0.12005882588366856
0,4.510577032930032,4.872923005832281e-05,0.00019491692023329124,366037.0,7,14,7,0.13053101633520492
0,4.2068549375079,4.6937577889352577e-05,0.0001877503115574103,366035.0,8,14,8,0.13953266763543767
0,3.8430076527104955,7.048495171143549e-05,0.00028193980684574195,366033.0,9,14,9,0.15102349492185846
0,3.5808145954152453,9.085948956761834e-05,0.00036343795827047337,366031.0,10,14,10,0.15039978346844088
0,3.5232984168399515,5.8305073996232954e-05,0.00023322029598493182,366029.0,11,14,11,0.165953389649543
0,3.1165944592623034,0.00019253031416669006,0.0007701212566667602,366027.0,12,14,12,0.19656963761067273
0,2.9448179637307863,0.00026018444172727255,0.0010407377669090902,366025.0,13,14,13,0.20390026613400905
0,2.6593917465937387,0.0006807907366451687,0.002723162946580675,366023.0,14,14,14,0.2054858072394847
0,2.5575579905241463,0.0007975191040994617,0.0031900764163978468,366021.0,15,14,15,0.20701733710648101
0,2.3978823304542285,0.0013421443797950064,0.005368577519180026,366019.0,16,14,16,0.22466424816065922
0,2.32755377451668,0.001489027947740091,0.005956111790960364,366017.0,17,14,17,0.21140733348764051
0,2.2338860405813104,0.0019549411015079596,0.007819764406031838,366015.0,18,14,18,0.19939887432632364
0,2.1104530242082165,0.00317737535514508,0.01270950142058032,366013.0,19,14,19,0.2066878806622288
0,2.063996820035645,0.0034300560039151862,0.013720224015660745,366011.0,20,14,20,0.1959992822020162
0,1.9291471492903165,0.006441463198576238,0.02576585279430495,366009.0,21,14,21,0.1987005461235703
0,1.8620609633540133,0.008322353540419901,0.033289414161679604,366007.0,22,14,22,0.233308020990555
0,1.8044126977399808,0.010374274285149076,0.0414970971405963,366005.0,23,14,23,0.24485862726176083
0,1.8120887155192213,0.008742856773965288,0.03497142709586115,366003.0,24,14,24,0.255603216249723
0,1.7639042103506837,0.010579227341253024,0.0423169093650121,366001.0,25,14,25,0.26930448749426705
0,1.6583453094364318,0.018778270153003724,0.0751130806120149,365999.0,26,14,26,0.26425137254052256
0,1.6990873637077093,0.013125737270740446,0.05250294908296178,365997.0,27,14,27,0.25609252430749063
0,1.7982443997338307,0.005910980875279864,0.023643923501119456,365995.0,28,14,28,0.2577097359536807
0,1.5945428157314303,0.02220469199778921,0.08881876799115684,365993.0,29,14,29,0.25844421037806026
0,1.6840848022745925,0.010941796983162087,0.043767187932648347,365991.0,30,14,30,0.25524945255645315
0,1.5259121216917189,0.030662072623669316,0.12264829049467726,365989.0,31,14,31,0.32017833523170275
0,-125.5808369303987,1.0,4.0,365987.0,32,14,32,0.46180574311771055
0,-111.94129768725924,1.0,4.0,365985.0,33,14,33,0.5627808088743002
0,-95.82393132437876,1.0,4.0,365983.0,34,14,34,0.49741149441741817
0,-106.85060224550391,1.0,4.0,365981.0,35,14,35,0.5992792495324583
0,-100.1403646681517,1.0,4.0,365979.0,36,14,36,0.47097699749586674
0,-95.57782711140392,1.0,4.0,365977.0,37,14,37,0.31603144264728894
0,-100.33792058207149,1.0,4.0,365975.0,38,14,38,0.4535456005392901
0,-85.34975092865419,1.0,4.0,365973.0,39,14,39,0.42399878754670806
0,-76.81509440367633,1.0,4.0,365971.0,40,14,40,0.3843788442841791
0,30.555020613406764,3.247515996039966e-08,1.2990063984159863e-07,365587.0,1,15,1,0.06821091047353023
0,24.989638857245847,1.4056575175259721e-11,5.6226300701038884e-11,365586.0,2,15,2,0.15660602566153942
0,16.938331403856445,5.365932036728466e-11,2.1463728146913863e-10,365584.0,3,15,3,0.1349973915923692
0,13.51807138460889,5.091865922984087e-11,2.0367463691936348e-10,365582.0,4,15,4,0.1537889651345178
0,12.601629108309641,2.9070274069659833e-12,1.1628109627863933e-11,365580.0,5,15,5,0.17616660318525273
0,10.49549213033694,1.120517292506036e-11,4.482069170024144e-11,365578.0,6,15,6,0.12005882588366856
0,8.972483138759314,4.1518157077326716e-11,1.6607262830930686e-10,365576.0,7,15,7,0.13053101633520492
0,8.427644349459676,1.6037656281827874e-11,6.41506251273115e-11,365574.0,8,15,8,0.13953266763543767
0,7.753400507803311,1.6857701744769165e-11,6.743080697907666e-11,365572.0,9,15,9,0.15102349492185846
0,6.658653484833347,2.0177354071453644e-10,8.070941628581458e-10,365570.0,10,15,10,0.15039978346844088
0,6.022099854896576,6.299728047803265e-10,2.519891219121306e-09,365568.0,11,15,11,0.165953389649543
0,5.685845288563224,6.871182584815586e-10,2.7484730339262345e-09,365566.0,12,15,12,0.19656963761067273
0,5.203673332714709,2.1740451436167833e-09,8.696180574467133e-09,365564.0,13,15,13,0.20390026613400905
0,4.923084872156499,3.02885773589434e-09,1.211543094357736e-08,365562.0,14,15,14,0.2054858072394847
0,4.613963168588,6.18901028930912e-09,2.475604115723648e-08,365560.0,15,15,15,0.20701733710648101
0,4.421087700907243,7.425776271860941e-09,2.9703105087443762e-08,365558.0,16,15,16,0.22466424816065922
0,4.176835552675106,1.449414711820125e-08,5.7976588472805e-08,365556.0,17,15,17,0.21140733348764051
0,4.0020132658843375,2.0424287661280545e-08,8.169715064512218e-08,365554.0,18,15,18,0.19939887432632364
0,3.908386710957664,1.7805868603833633e-08,7.122347441533453e-08,365552.0,19,15,19,0.2066878806622288
0,3.8250229919600196,1.5325637317795894e-08,6.130254927118358e-08,365550.0,20,15,20,0.1959992822020162
0,3.629533847866841,3.431077765802493e-08,1.3724311063209972e-07,365548.0,21,15,21,0.1987005461235703
0,3.544604506142521,3.4785916613807254e-08,1.3914366645522901e-07,365546.0,22,15,22,0.233308020990555
0,3.4405791827902252,4.39407776531465e-08,1.75763110612586e-07,365544.0,23,15,23,0.24485862726176083
0,3.3039287927124783,7.896811729709691e-08,3.1587246918838764e-07,365542.0,24,15,24,0.255603216249723
0,3.1973976069164762,1.1707897895482448e-07,4.683159158192979e-07,365540.0,25,15,25,0.26930448749426705
0,3.0962797584395143,1.7570203559305958e-07,7.028081423722383e-07,365538.0,26,15,26,0.26425137254052256
0,2.9629611418425816,3.784404798297019e-07,1.5137619193188076e-06,365536.0,27,15,27,0.25609252430749063
0,3.0409529593502334,1.1182972671500617e-07,4.473189068600247e-07,365534.0,28,15,28,0.2577097359536807
0,2.8465004224907737,4.887989762462104e-07,1.9551959049848417e-06,365532.0,29,15,29,0.25844421037806026
0,2.8135332935301403,4.5182885133830237e-07,1.8073154053532095e-06,365530.0,30,15,30,0.25524945255645315
0,-82.80600070014775,1.0,4.0,365528.0,31,15,31,0.32017833523170275
0,95.82476459057838,0.0,0.0,365526.0,32,15,32,0.46180574311771055
0,-137.48762193420217,1.0,4.0,365524.0,33,15,33,0.5627808088743002
0,-94.5302786509584,1.0,4.0,365522.0,34,15,34,0.49741149441741817
0,120.38979758593163,0.0,0.0,365520.0,35,15,35,0.5992792495324583
0,90.59672269932386,0.0,0.0,365518.0,36,15,36,0.47097699749586674
0,85.92208665523822,0.0,0.0,365516.0,37,15,37,0.31603144264728894
0,77.24677210901702,0.0,0.0,365514.0,38,15,38,0.4535456005392901
0,68.63352813827886,0.0,0.0,365512.0,39,15,39,0.42399878754670806
0,81.22427604290134,0.0,0.0,365510.0,40,15,40,0.3843788442841791
0,4.587856199731745,0.032201515923116444,0.12880606369246578,106951.0,1,16,1,0.06821091047353023
0,2.518416595265695,0.08059188681388511,0.32236754725554045,106950.0,2,16,2,0.15660602566153942
0,1.7420779923260719,0.1559681167138967,0.6238724668555868,106948.0,3,16,3,0.1349973915923692
0,1.5566023295342533,0.18287440851205622,0.7314976340482249,106946.0,4,16,4,0.1537889651345178
0,2.1629533187344503,0.05518723294300123,0.2207489317720049,106944.0,5,16,5,0.17616660318525273
0,1.6716283591375871,0.12341572038333214,0.49366288153332855,106942.0,6,16,6,0.12005882588366856
0,1.2853512269987326,0.25285064089540704,1.0114025635816282,106940.0,7,16,7,0.13053101633520492
0,1.3134571945440556,0.23119957292808724,0.924798291712349,106938.0,8,16,8,0.13953266763543767
0,1.478982177222981,0.14905463247132178,0.5962185298852871,106936.0,9,16,9,0.15102349492185846
0,1.5109271964893838,0.12814634172362174,0.512585366894487,106934.0,10,16,10,0.15039978346844088
0,1.51496360617775,0.1182146374319561,0.4728585497278244,106932.0,11,16,11,0.165953389649543
0,1.2181047134733158,0.2630559878710773,1.0522239514843093,106930.0,12,16,12,0.19656963761067273
0,1.1246327683680661,0.3316733699134718,1.3266934796538872,106928.0,13,16,13,0.20390026613400905
0,1.0673699699832153,0.38206402528024935,1.5282561011209974,106926.0,14,16,14,0.2054858072394847
0,1.0062546826751406,0.44469108307124605,1.7787643322849842,106924.0,15,16,15,0.20701733710648101
0,0.9773538817910754,0.4785310489963226,1.9141241959852904,106922.0,16,16,16,0.22466424816065922
0,0.9243341396781598,0.5442191653481238,2.176876661392495,106920.0,17,16,17,0.21140733348764051
0,1.1352531302027933,0.3089158654852102,1.2356634619408409,106918.0,18,16,18,0.19939887432632364
0,1.0116477466988716,0.44273653579445504,1.7709461431778202,106916.0,19,16,19,0.2066878806622288
0,1.0123360775797587,0.44260745128874973,1.770429805154999,106914.0,20,16,20,0.1959992822020162
0,0.9877917110998292,0.47470405870527244,1.8988162348210897,106912.0,21,16,21,0.1987005461235703
0,0.9647201402006056,0.5069508645790712,2.027803458316285,106910.0,22,16,22,0.233308020990555
0,0.9229457266647709,0.5671825694220689,2.2687302776882756,106908.0,23,16,23,0.24485862726176083
0,0.9296359194417197,0.5606965368943417,2.242786147577367,106906.0,24,16,24,0.255603216249723
0,0.8754940799618846,0.6422338079960817,2.5689352319843266,106904.0,25,16,25,0.26930448749426705
0,0.8847615686042868,0.63272595748478,2.53090382993912,106902.0,26,16,26,0.26425137254052256
0,0.8939647556296423,0.6226980810492946,2.4907923241971783,106900.0,27,16,27,0.25609252430749063
0,0.9363683218570891,0.5610472119572614,2.2441888478290455,106898.0,28,16,28,0.2577097359536807
0,0.9827594131818309,0.4913253764256692,1.9653015057026768,106896.0,29,16,29,0.25844421037806026
0,1.0106051346419316,0.4494654816790098,1.7978619267160392,106894.0,30,16,30,0.25524945255645315
0,1.0620818154726657,0.37303417083636026,1.492136683345441,106892.0,31,16,31,0.32017833523170275
0,1.0085682594281355,0.45322039715937856,1.8128815886375143,106890.0,32,16,32,0.46180574311771055
0,0.9791904836807839,0.5011279892938336,2.0045119571753345,106888.0,33,16,33,0.5627808088743002
0,0.9551152369159758,0.5424691414020191,2.1698765656080763,106886.0,34,16,34,0.49741149441741817
0,0.9538789563790175,0.5461329137974876,2.1845316551899505,106884.0,35,16,35,0.5992792495324583
0,1.0778676262150733,0.34449124204454495,1.3779649681781798,106882.0,36,16,36,0.47097699749586674
0,0.16709799584438564,0.9999999977228418,3.999999990891367,106880.0,37,16,37,0.31603144264728894
0,1.0423185369625678,0.398145643098381,1.592582572393524,106878.0,38,16,38,0.4535456005392901
0,1.0245512982312353,0.42743706484508887,1.7097482593803555,106876.0,39,16,39,0.42399878754670806
0,-3.07135698535545,1.0,4.0,106874.0,40,16,40,0.3843788442841791
0,5.684997985371724,0.017111038220790794,0.06844415288316318,386795.0,1,17,1,0.06821091047353023
0,2.967038190759478,0.05145665729271709,0.20582662917086836,386793.0,2,17,2,0.15660602566153942
0,2.189861644496156,0.08696008460891648,0.3478403384356659,386791.0,3,17,3,0.1349973915923692
0,1.6733821511638287,0.15300006417624418,0.6120002567049767,386789.0,4,17,4,0.1537889651345178
0,1.3677270333281693,0.2329231347061191,0.9316925388244764,386787.0,5,17,5,0.17616660318525273
0,1.337734193752286,0.2361782145194686,0.9447128580778744,386785.0,6,17,6,0.12005882588366856
0,2.4066164568963466,0.018416261656037942,0.07366504662415177,386783.0,7,17,7,0.13053101633520492
0,2.060855038522632,0.03592168309159531,0.14368673236638124,386781.0,8,17,8,0.13953266763543767
0,1.5979990384215628,0.10937555698761428,0.4375022279504571,386779.0,9,17,9,0.15102349492185846
0,1.323338090914515,0.2109191865103197,0.8436767460412788,386777.0,10,17,10,0.15039978346844088
0,1.2036567363405997,0.2779195000077481,1.1116780000309925,386775.0,11,17,11,0.165953389649543
0,1.1024709464549687,0.35257594357766986,1.4103037743106794,386773.0,12,17,12,0.19656963761067273
0,1.0735872611257125,0.37690886338597807,1.5076354535439123,386771.0,13,17,13,0.20390026613400905
0,1.0455271878019534,0.4033864246340313,1.6135456985361252,386769.0,14,17,14,0.2054858072394847
0,0.9638537611605184,0.4911313026248817,1.9645252104995268,386767.0,15,17,15,0.20701733710648101
0,0.9129828453287011,0.5535355307948986,2.2141421231795944,386765.0,16,17,16,0.22466424816065922
0,0.8537070114303921,0.6305123759830271,2.5220495039321085,386763.0,17,17,17,0.21140733348764051
0,1.0240260367612004,0.42752702556870364,1.7101081022748146,386761.0,18,17,18,0.19939887432632364
0,0.9163628770080742,0.5620527313130859,2.2482109252523435,386759.0,19,17,19,0.2066878806622288
0,1.0048253621022862,0.4519108442954047,1.8076433771816187,386757.0,20,17,20,0.1959992822020162
0,1.040121916155577,0.4086354377493932,1.6345417509975728,386755.0,21,17,21,0.1987005461235703
0,1.1334820003979462,0.3001237077739094,1.2004948310956376,386753.0,22,17,22,0.233308020990555
0,1.0299715936277034,0.421178441860997,1.684713767443988,386751.0,23,17,23,0.24485862726176083
0,1.018392982555327,0.4366048725554518,1.746419490221807,386749.0,24,17,24,0.255603216249723
0,0.991039438184655,0.47498602117685795,1.8999440847074318,386747.0,25,17,25,0.26930448749426705
0,1.0701209235020497,0.36722271786548755,1.4688908714619502,386745.0,26,17,26,0.26425137254052256
0,1.0631194766297258,0.37539261640157817,1.5015704656063127,386743.0,27,17,27,0.25609252430749063
0,1.0703953162732436,0.3646095506046475,1.45843820241859,386741.0,28,17,28,0.2577097359536807
0,1.0216877261317012,0.4327000998315408,1.7308003993261631,386739.0,29,17,29,0.25844421037806026
0,1.0085180968164433,0.4526275859594724,1.8105103438378896,386737.0,30,17,30,0.25524945255645315
0,0.9622867070274022,0.5260438938559705,2.104175575423882,386735.0,31,17,31,0.32017833523170275
0,0.9751606333282316,0.5066105145333202,2.0264420581332807,386733.0,32,17,32,0.46180574311771055
0,0.9234636218854199,0.5934720116875059,2.3738880467500234,386731.0,33,17,33,0.5627808088743002
0,0.9253650253534248,0.592610246578029,2.370440986312116,386729.0,34,17,34,0.49741149441741817
0,0.28943301444251923,0.999987668412851,3.999950673651404,386727.0,35,17,35,0.5992792495324583
0,0.963217663753056,0.5315240921264694,2.126096368505878,386725.0,36,17,36,0.47097699749586674
0,0.9587866443002696,0.5405815099136573,2.162326039654629,386723.0,37,17,37,0.31603144264728894
0,0.96667648282989,0.5279524481292709,2.1118097925170836,386721.0,38,17,38,0.4535456005392901
0,0.9552460274188244,0.5496580300702594,2.1986321202810375,386719.0,39,17,39,0.42399878754670806
0,0.7697286556202265,0.8520661463252978,3.408264585301191,386717.0,40,17,40,0.3843788442841791
0,2.563967882877852,0.10932537354133388,0.43730149416533554,212474.0,1,19,1,0.06821091047353023
0,3.734849047949178,0.023878342601827987,0.09551337040731195,212473.0,2,19,2,0.15660602566153942
0,2.5694155952339286,0.052445200111390304,0.20978080044556122,212471.0,3,19,3,0.1349973915923692
0,1.7997788403807236,0.1257369724991647,0.5029478899966588,212469.0,4,19,4,0.1537889651345178
0,1.8045365853620792,0.10816788776563746,0.43267155106254984,212467.0,5,19,5,0.17616660318525273
0,2.5064535736728324,0.019960673696996514,0.07984269478798606,212465.0,6,19,6,0.12005882588366856
0,3.1358944233048933,0.0025909282911776793,0.010363713164710717,212463.0,7,19,7,0.13053101633520492
0,3.4100673797224585,0.000632627460266786,0.002530509841067144,212461.0,8,19,8,0.13953266763543767
0,2.8896209744044485,0.0020388179289546242,0.008155271715818497,212459.0,9,19,9,0.15102349492185846
0,2.5824612702793566,0.003984920094937129,0.015939680379748515,212457.0,10,19,10,0.15039978346844088
0,2.269863979641388,0.00921686307630553,0.03686745230522212,212455.0,11,19,11,0.165953389649543
0,2.0960603445931003,0.014119573674140785,0.05647829469656314,212453.0,12,19,12,0.19656963761067273
0,1.9566469527290336,0.020221000211700264,0.08088400084680106,212451.0,13,19,13,0.20390026613400905
0,1.7649479078756343,0.03755626428461573,0.15022505713846293,212449.0,14,19,14,0.2054858072394847
0,1.6763369498766316,0.04803828556494206,0.19215314225976823,212447.0,15,19,15,0.20701733710648101
0,1.7413324248290165,0.03285490498364151,0.13141961993456605,212445.0,16,19,16,0.22466424816065922
0,1.7453263584228413,0.02882923983767524,0.11531695935070096,212443.0,17,19,17,0.21140733348764051
0,1.648157501861316,0.04082425566711884,0.16329702266847537,212441.0,18,19,18,0.19939887432632364
0,1.5573943536401325,0.05725903538150411,0.22903614152601645,212439.0,19,19,19,0.2066878806622288
0,1.5397370991291086,0.05797194840009432,0.23188779360037728,212437.0,20,19,20,0.1959992822020162
0,1.5031966387700972,0.06473750069454486,0.2589500027781794,212435.0,21,19,21,0.1987005461235703
0,1.3860340909092792,0.10698838942986469,0.42795355771945875,212433.0,22,19,22,0.233308020990555
0,1.4143894266437362,0.08961183098971628,0.35844732395886514,212431.0,23,19,23,0.24485862726176083
0,1.3816239618719617,0.1007812092142971,0.4031248368571884,212429.0,24,19,24,0.255603216249723
0,1.4733651565336132,0.059877470790145965,0.23950988316058386,212427.0,25,19,25,0.26930448749426705
0,1.4062490215563948,0.08181759301397823,0.3272703720559129,212425.0,26,19,26,0.26425137254052256
0,1.335369571366206,0.11412301141217926,0.45649204564871704,212423.0,27,19,27,0.25609252430749063
0,1.3115958233770313,0.12507866483147248,0.5003146593258899,212421.0,28,19,28,0.2577097359536807
0,1.2334696430429826,0.18036498233704837,0.7214599293481935,212419.0,29,19,29,0.25844421037806026
0,1.2328603245376932,0.17758104995009985,0.7103241998003994,212417.0,30,19,30,0.25524945255645315
0,1.2471244938552382,0.16212775727424564,0.6485110290969825,212415.0,31,19,31,0.32017833523170275
0,1.4850068515112895,0.0380732020535167,0.1522928082140668,212413.0,32,19,32,0.46180574311771055
0,1.4571388215915115,0.043560086991932194,0.17424034796772878,212411.0,33,19,33,0.5627808088743002
0,0.07429447083428357,0.9999999999999547,3.999999999999819,212409.0,34,19,34,0.49741149441741817
0,0.10917487811420931,0.9999999999908293,3.9999999999633173,212407.0,35,19,35,0.5992792495324583
0,-8.97477591564957,1.0,4.0,212405.0,36,19,36,0.47097699749586674
0,1.526480831978084,0.021103498804085793,0.08441399521634317,212403.0,37,19,37,0.31603144264728894
0,1.401733280915116,0.05114333698568131,0.20457334794272525,212401.0,38,19,38,0.4535456005392901
0,-6.965584022867459,1.0,4.0,212399.0,39,19,39,0.42399878754670806
0,1.4759584080744734,0.026586260785542166,0.10634504314216867,212397.0,40,19,40,0.3843788442841791
0,26.98842642090807,2.0486735616554534e-07,8.194694246621813e-07,210540.0,1,20,1,0.06821091047353023
0,15.021193440720598,2.998085193662825e-07,1.19923407746513e-06,210539.0,2,20,2,0.15660602566153942
0,9.993368605654625,1.3948120524405588e-06,5.579248209762235e-06,210537.0,3,20,3,0.1349973915923692
0,7.6786902785858935,3.5036047780590572e-06,1.4014419112236229e-05,210535.0,4,20,4,0.1537889651345178
0,6.227819826437042,8.801431740784092e-06,3.520572696313637e-05,210533.0,5,20,5,0.17616660318525273
0,5.196206804931672,2.3469211559700383e-05,9.387684623880153e-05,210531.0,6,20,6,0.12005882588366856
0,4.44769999316669,5.878419187554071e-05,0.00023513676750216284,210529.0,7,20,7,0.13053101633520492
0,4.042228040764477,8.108457705640323e-05,0.0003243383082256129,210527.0,8,20,8,0.13953266763543767
0,3.5931349000872292,0.00017415493958731712,0.0006966197583492685,210525.0,9,20,9,0.15102349492185846
0,3.318175296257862,0.00025406949972528844,0.0010162779989011537,210523.0,10,20,10,0.15039978346844088
0,3.0435681490474176,0.00044015886777193223,0.001760635471087729,210521.0,11,20,11,0.165953389649543
0,3.305281060954685,8.185587160331217e-05,0.0003274234864132487,210519.0,12,20,12,0.19656963761067273
0,3.045039641729387,0.00016130548414239925,0.000645221936569597,210517.0,13,20,13,0.20390026613400905
0,2.839770699678217,0.0002786385755749519,0.0011145543022998076,210515.0,14,20,14,0.2054858072394847
0,2.6410152504473623,0.0005187071823843728,0.002074828729537491,210513.0,15,20,15,0.20701733710648101
0,2.7352745906445155,0.00021441724248218974,0.000857668969928759,210511.0,16,20,16,0.22466424816065922
0,2.4635112410441407,0.0006986521913659306,0.0027946087654637224,210509.0,17,20,17,0.21140733348764051
0,2.3411140517970286,0.0010580395574326998,0.004232158229730799,210507.0,18,20,18,0.19939887432632364
0,2.608891936611361,0.00015182699241438985,0.0006073079696575594,210505.0,19,20,19,0.2066878806622288
0,2.4861739253608413,0.00024287977750026577,0.0009715191100010631,210503.0,20,20,20,0.1959992822020162
0,2.4080164865608604,0.00030428362098290423,0.001217134483931617,210501.0,21,20,21,0.1987005461235703
0,2.3581474284938144,0.0003252430787127778,0.0013009723148511112,210499.0,22,20,22,0.233308020990555
0,2.2613530576826664,0.0004989039993149858,0.001995615997259943,210497.0,23,20,23,0.24485862726176083
0,2.1868846087239047,0.000676825458978519,0.002707301835914076,210495.0,24,20,24,0.255603216249723
0,2.132678180804326,0.0008150380477336696,0.0032601521909346783,210493.0,25,20,25,0.26930448749426705
0,2.0586066326204855,0.0011663642277204252,0.004665456910881701,210491.0,26,20,26,0.26425137254052256
0,2.0087859308717055,0.0014244760058314022,0.005697904023325609,210489.0,27,20,27,0.25609252430749063
0,1.9720313314617355,0.0016024628653220992,0.006409851461288397,210487.0,28,20,28,0.2577097359536807
0,1.97206165962735,0.001364773159998533,0.005459092639994132,210485.0,29,20,29,0.25844421037806026
0,1.9852861670193676,0.0010422054868019883,0.004168821947207953,210483.0,30,20,30,0.25524945255645315
0,1.924333204830463,0.001483873752672817,0.005935495010691268,210481.0,31,20,31,0.32017833523170275
0,1.9593695212657631,0.0009449461094394074,0.0037797844377576296,210479.0,32,20,32,0.46180574311771055
0,1.830540493208665,0.002494379035813969,0.009977516143255876,210477.0,33,20,33,0.5627808088743002
0,-7.003909437670975,1.0,4.0,210475.0,34,20,34,0.49741149441741817
0,-18.75261452659057,1.0,4.0,210473.0,35,20,35,0.5992792495324583
0,1.8509254716062185,0.001423077497375261,0.005692309989501044,210471.0,36,20,36,0.47097699749586674
0,1.805130215516646,0.0019253033611529588,0.007701213444611835,210469.0,37,20,37,0.31603144264728894
0,-52.61369915371695,1.0,4.0,210467.0,38,20,38,0.4535456005392901
0,1.7793394238316866,0.0019536130343275958,0.007814452137310383,210465.0,39,20,39,0.42399878754670806
0,1.7104449443898557,0.003400606139884183,0.013602424559536731,210463.0,40,20,40,0.3843788442841791
0,1.678857045679024,0.1950794207132561,0.7803176828530244,98794.0,1,21,1,0.06821091047353023
0,1.7010576006704377,0.18249576494772643,0.7299830597909057,98793.0,2,21,2,0.15660602566153942
0,1.1494946938490578,0.3275109275291187,1.3100437101164748,98791.0,3,21,3,0.1349973915923692
0,1.152000425063038,0.3299396467057955,1.319758586823182,98789.0,4,21,4,0.1537889651345178
0,0.94099929770423,0.4529376687441973,1.811750674976789,98787.0,5,21,5,0.17616660318525273
0,1.313392567375547,0.2470121909130972,0.9880487636523888,98785.0,6,21,6,0.12005882588366856
0,1.2168566300288715,0.28914933760699457,1.1565973504279783,98783.0,7,21,7,0.13053101633520492
0,1.1387679083025146,0.3331017078895291,1.3324068315581163,98781.0,8,21,8,0.13953266763543767
0,1.4957583635302114,0.14281600900842856,0.5712640360337142,98779.0,9,21,9,0.15102349492185846
0,1.397010585663717,0.1743789243498832,0.6975156973995328,98777.0,10,21,10,0.15039978346844088
0,1.6626856335292084,0.07511938729478626,0.30047754917914504,98775.0,11,21,11,0.165953389649543
0,1.4802463493284679,0.12310216830804516,0.4924086732321806,98773.0,12,21,12,0.19656963761067273
0,1.3706789298420448,0.1645446597862206,0.6581786391448824,98771.0,13,21,13,0.20390026613400905
0,1.376819956613305,0.15471356905324546,0.6188542762129818,98769.0,14,21,14,0.2054858072394847
0,1.3748913083396095,0.14932776180508572,0.5973110472203429,98767.0,15,21,15,0.20701733710648101
0,1.3105465340927827,0.17974371804854106,0.7189748721941642,98765.0,16,21,16,0.22466424816065922
0,1.2103545432443235,0.24585823513665325,0.983432940546613,98763.0,17,21,17,0.21140733348764051
0,1.1431192439735929,0.30135874914657235,1.2054349965862894,98761.0,18,21,18,0.19939887432632364
0,1.160140717748216,0.2821654716425191,1.1286618865700764,98759.0,19,21,19,0.2066878806622288
0,1.0912675740087812,0.35008556939451774,1.400342277578071,98757.0,20,21,20,0.1959992822020162
0,1.0466251503320698,0.4007326470049885,1.602930588019954,98755.0,21,21,21,0.1987005461235703
0,1.0890462827552025,0.34940654481187294,1.3976261792474918,98753.0,22,21,22,0.233308020990555
0,1.2803927835753548,0.16591927266808096,0.6636770906723238,98751.0,23,21,23,0.24485862726176083
0,1.1856594610955917,0.24132161196911348,0.9652864478764539,98749.0,24,21,24,0.255603216249723
0,1.1972350464801067,0.22692733567982407,0.9077093427192963,98747.0,25,21,25,0.26930448749426705
0,1.2082024214146712,0.21327877215556798,0.8531150886222719,98745.0,26,21,26,0.26425137254052256
0,1.1718501757996962,0.24572221164751815,0.9828888465900726,98743.0,27,21,27,0.25609252430749063
0,1.1336293698717204,0.2851908383667251,1.1407633534669004,98741.0,28,21,28,0.2577097359536807
0,1.0961519667866149,0.3292717352821696,1.3170869411286783,98739.0,29,21,29,0.25844421037806026
0,1.0812222386476331,0.347534887727714,1.390139550910856,98737.0,30,21,30,0.25524945255645315
0,1.0455117228444162,0.3970684451863934,1.5882737807455736,98735.0,31,21,31,0.32017833523170275
0,1.018174862987011,0.4381972340922452,1.7527889363689808,98733.0,32,21,32,0.46180574311771055
0,-0.9260561768522217,1.0,4.0,98731.0,33,21,33,0.5627808088743002
0,0.9588505118188082,0.5361843098265575,2.14473723930623,98729.0,34,21,34,0.49741149441741817
0,-1.5169528373026138,1.0,4.0,98727.0,35,21,35,0.5992792495324583
0,0.8905729304373828,0.656495607970736,2.625982431882944,98725.0,36,21,36,0.47097699749586674
0,1.1431112227739733,0.2530373014641939,1.0121492058567756,98723.0,37,21,37,0.31603144264728894
0,0.19885569513304616,0.9999999784524858,3.999999913809943,98721.0,38,21,38,0.4535456005392901
0,1.1395606074733413,0.2532467864250022,1.0129871457000088,98719.0,39,21,39,0.42399878754670806
0,1.129950692098611,0.26388430735683427,1.055537229427337,98717.0,40,21,40,0.3843788442841791
0,0.48944738642120816,0.4841744736423803,1.9366978945695212,291999.0,1,24,1,0.06821091047353023
0,0.32041446439982657,0.7258483916923615,2.903393566769446,291998.0,2,24,2,0.15660602566153942
0,0.8661065134166371,0.45778547662321256,1.8311419064928502,291996.0,3,24,3,0.1349973915923692
0,0.5484790944193819,0.7001433459491802,2.8005733837967206,291994.0,4,24,4,0.1537889651345178
0,0.6403007157058839,0.6689519938482518,2.675807975393007,291992.0,5,24,5,0.17616660318525273
0,0.9312783532725966,0.47092636038937663,1.8837054415575065,291990.0,6,24,6,0.12005882588366856
0,0.568495214427349,0.7821386143168719,3.1285544572674877,291988.0,7,24,7,0.13053101633520492
0,0.9852749058115721,0.4450636860136491,1.7802547440545964,291986.0,8,24,8,0.13953266763543767
0,0.8413874548202097,0.5777356997056838,2.3109427988227353,291984.0,9,24,9,0.15102349492185846
0,0.9100579384870799,0.5225872337289332,2.090348934915733,291982.0,10,24,10,0.15039978346844088
0,0.897586705452268,0.5418061497886121,2.1672245991544483,291980.0,11,24,11,0.165953389649543
0,0.915723226069526,0.5298907686263445,2.119563074505378,291978.0,12,24,12,0.19656963761067273
0,0.8593134889277303,0.5964888373792273,2.3859553495169092,291976.0,13,24,13,0.20390026613400905
0,0.9089476045446262,0.548262659769196,2.193050639076784,291974.0,14,24,14,0.2054858072394847
0,1.1462640007734684,0.3074095455480965,1.229638182192386,291972.0,15,24,15,0.20701733710648101
0,0.9179896328367907,0.5476110389183064,2.1904441556732257,291970.0,16,24,16,0.22466424816065922
0,1.0631572440280554,0.38421331178524293,1.5368532471409717,291968.0,17,24,17,0.21140733348764051
0,1.0462527022818513,0.40220823839484443,1.6088329535793777,291966.0,18,24,18,0.19939887432632364
0,0.9963206553853883,0.46133303569559514,1.8453321427823806,291964.0,19,24,19,0.2066878806622288
0,1.01349518719009,0.44116868857118685,1.7646747542847474,291962.0,20,24,20,0.1959992822020162
0,1.0807924207164687,0.3603715177579974,1.4414860710319897,291960.0,21,24,21,0.1987005461235703
0,1.2731350909694406,0.17539677795879002,0.7015871118351601,291958.0,22,24,22,0.233308020990555
0,1.1894898707624306,0.24103693593288192,0.9641477437315277,291956.0,23,24,23,0.24485862726176083
0,1.1602262183725334,0.26662548511814926,1.066501940472597,291954.0,24,24,24,0.255603216249723
0,1.1381439578786199,0.2874105032613731,1.1496420130454923,291952.0,25,24,25,0.26930448749426705
0,1.1156119974160092,0.3108247199089441,1.2432988796357765,291950.0,26,24,26,0.26425137254052256
0,1.162748295325872,0.2552763064833255,1.021105225933302,291948.0,27,24,27,0.25609252430749063
0,1.1938872231225297,0.22032732852387296,0.8813093140954918,291946.0,28,24,28,0.2577097359536807
0,1.2300379386853633,0.18335991912179925,0.733439676487197,291944.0,29,24,29,0.25844421037806026
0,1.295286199841322,0.1289449777715834,0.5157799110863336,291942.0,30,24,30,0.25524945255645315
0,1.3117177553508277,0.11477056447618948,0.45908225790475793,291940.0,31,24,31,0.32017833523170275
0,1.3239641285843153,0.10403375299035815,0.4161350119614326,291938.0,32,24,32,0.46180574311771055
0,1.248446995941135,0.15469587849561786,0.6187835139824714,291936.0,33,24,33,0.5627808088743002
0,1.1745245018977717,0.22323480306588267,0.8929392122635307,291934.0,34,24,34,0.49741149441741817
0,-1.9190981275609735,1.0,4.0,291932.0,35,24,35,0.5992792495324583
0,-2.1465338871112034,1.0,4.0,291930.0,36,24,36,0.47097699749586674
0,1.175424137060561,0.21450211426969468,0.8580084570787787,291928.0,37,24,37,0.31603144264728894
0,1.1520325314673308,0.2396616134603918,0.9586464538415672,291926.0,38,24,38,0.4535456005392901
0,0.8113388651467752,0.7925433077944932,3.170173231177973,291924.0,39,24,39,0.42399878754670806
0,0.34801413785188234,0.9999588551203612,3.999835420481445,291922.0,40,24,40,0.3843788442841791
